"Reference","Value","Datasheet","Footprint","Qty","DNP"
"ALIMENTATION1","DCJ0202","","main_V4:DCJ0202","1",""
"C1,C2,C5","100nF","","","3",""
"C3,C4","12pF","","","2",""
"D1","LED","","","1",""
"IC1,IC2","LM324DR","http://componentsearchengine.com/Datasheets/3/LM324DR.pdf","-- valeurs mixtées --","2",""
"J1,J2,J3,J4,J5,J6,J8","Conn_01x03_Socket","","","7",""
"J7","Conn_01x06_Pin","","","1",""
"MSP2","M430G2553","","main_V4:DIL20","1",""
"Q1","QUARZ5","","main_V4:QUARZ5","1",""
"R3","30R","","","1",""
"R4,R5,R6,R7,R8,R9","1R0","","","6",""
"R10,R12,R13,R14,R15,R16","2k2","","","6",""
"R11,R17,R18,R19,R20,R21","100R","","","6",""
"REG_3.3V2","MIC5209","","main_V4:SOT223","1",""
"R_BUTTON1","R-EU_M0805","","main_V4:M0805","1",""
"U1","SWITCH_OMRON_5MM","","main_V4:OMRON_SWITCH_10-XX","1",""
